{
  "qudits_0": {
    "sx_ramp": 1.3330000000000001E-08,
    "sx_amp": 0.19449365642589225,
    "sx_freq": 4832165825.209583,
    "sx_phase": 0.0,
    "sx_post_phase": 0.0,
    "sx_dur": 5.0000000000000004E-08,
    "phi": 0.0,
    "ro_delay": 0.0,
    "ro_dur": 2E-06,
    "ro_amp": 0.028999999999999998,
    "ro_freq": 6542839349.350903,
    "ro_phase": 0.0,
    "acq_delay": 0.0,
    "acq_dur": 2E-06,
    "classification_refs": {
      "real": [
        -0.0001841560026147798,
        0.0004507629209423991,
        0.00010462249386572372
      ],
      "imag": [
        0.00046375705791574075,
        0.00012510167727331249,
        -0.00026158569295613567
      ]
    }
  },
  "qudits_1": {
    "sx_ramp": 1.3330000000000001E-08,
    "sx_amp": 0.23028596427159856,
    "sx_freq": 4526800997.403024,
    "sx_phase": 0.0,
    "sx_post_phase": 0.0,
    "sx_dur": 5.0000000000000004E-08,
    "phi": 0.0,
    "ro_delay": 0.0,
    "ro_dur": 3E-06,
    "ro_amp": 0.025,
    "ro_freq": 6594239081.3210945,
    "ro_phase": 0.0,
    "acq_delay": 0.0,
    "acq_dur": 3E-06,
    "classification_refs": {
      "real": [
        0.0,
        0.0,
        0.0
      ],
      "imag": [
        0.0,
        0.0,
        0.0
      ]
    }
  },
  "qudits_2": {
    "sx_ramp": 1.3330000000000001E-08,
    "sx_amp": 0.18144053270966953,
    "sx_freq": 4594555842.794858,
    "sx_phase": 0.0,
    "sx_post_phase": 0.0,
    "sx_dur": 5.0000000000000004E-08,
    "phi": 0.0,
    "ro_delay": 0.0,
    "ro_dur": 3E-06,
    "ro_amp": 0.03,
    "ro_freq": 6652399967.3813095,
    "ro_phase": 0.0,
    "acq_delay": 0.0,
    "acq_dur": 3E-06,
    "classification_refs": {
      "real": [
        0.0,
        0.0,
        0.0
      ],
      "imag": [
        0.0,
        0.0,
        0.0
      ]
    }
  }
}